"edge","child","value_equal","clade_key","value_ic","difference","abs_difference","descendant_tips","descendant_examples"
2,89,-22.3046553697009,"Achoania_jarvikiiArquatichthys_porosusAsperocephalus_milleriAsperocephalus_spCathlorhynchus_trismodipterusChirodipterus_australisChirodipterus_wildungensisCryptolepis_grossiDiabolepis_speratusDiplocercides_kayseriDipnorhynchus_cathlesaeDipnorhynchus_kurikaeDipnorhynchus_sussmilchiDipterus_valenciennesiDurialepis_edentatusEusthenopteron_foordiEusthenopteron_jenkinsiEusthenopteron_saevesoederberghiGlyptolepis_paucidensGogonasus_andrewsaeGriphognathus_sculptaGriphognathus_whiteiGuiyu_oneirosGyroptychius_groenlandicusGyroptychius_milleriHeimenia_ensisHolodipterus_gogoensisHolodipterus_santacrucensisHoloptychius_bergmanniHoloptychius_giganteusHoloptychius_jarvikiHyneria_lindaeIowadipterus_halliJarvikina_wenjukowiKenichthys_campbelliKoharalepis_jarvikiLaccognathus_embryiLatvius_grewingkiLatvius_spLitoptychus_bryantiMedoevia_lataMegalichthys_mullisoniMiguashaia_grossiNgamugawi_wirngarriOnychodus_jandemarraiOrlovichthys_limnatisOsteolepis_spPanderichthys_spPillararhynchus_longiPlatycephalichthys_bischoffiPlatycephalichthys_skuenicusPolyplocodus_leptognathusPorolepis_brevisPowichthys_thorsteinssoniPsarolepis_romeriQuebecius_quebecensisRhinodipterus_kimberleyensisRhinodipterus_ulrichiRhynchodipterus_elginensisRobinsondipterus_longiSpeonesydrion_ianiSpodichthys_buetleriStrunius_rolandiStyloichthys_changaeThursius_estonicusTiktaalik_roseaeTungsenia_paradoxaUranolophus_wyomingensisYoungolepis_praecursor",-25.7921716846075,-3.48751631490662,3.48751631490662,161,"Achoa; ia_ja; vikiiA; quatichthys_po"
139,157,-22.3046553697009,"Austelliscus_feroxCheirolepis_jonesiCheirolepis_trailliCuneognathus_gardineriGogosardina_coatesiHowqualepis_rostridensKentuckia_hlaviniLimnomis_delayniMeemannia_eosMimipiscis_bartramiMimipiscis_toombsiMoythomasia_durgaringaOsorioichthys_marginisPaleoneiros_clackorumRaynerius_splendensTegeolepis_clarki",-25.7921716846075,-3.48751631490662,3.48751631490662,37,"Austelliscus_fe; oxChei; olepis_jo; esiChei"
1,88,-24.203543031826,"Achoania_jarvikiiArquatichthys_porosusAsperocephalus_milleriAsperocephalus_spAustelliscus_feroxCathlorhynchus_trismodipterusCheirolepis_jonesiCheirolepis_trailliChirodipterus_australisChirodipterus_wildungensisCryptolepis_grossiCuneognathus_gardineriDiabolepis_speratusDiplocercides_kayseriDipnorhynchus_cathlesaeDipnorhynchus_kurikaeDipnorhynchus_sussmilchiDipterus_valenciennesiDurialepis_edentatusEusthenopteron_foordiEusthenopteron_jenkinsiEusthenopteron_saevesoederberghiGlyptolepis_paucidensGogonasus_andrewsaeGogosardina_coatesiGriphognathus_sculptaGriphognathus_whiteiGuiyu_oneirosGyroptychius_groenlandicusGyroptychius_milleriHeimenia_ensisHolodipterus_gogoensisHolodipterus_santacrucensisHoloptychius_bergmanniHoloptychius_giganteusHoloptychius_jarvikiHowqualepis_rostridensHyneria_lindaeIowadipterus_halliJarvikina_wenjukowiKenichthys_campbelliKentuckia_hlaviniKoharalepis_jarvikiLaccognathus_embryiLatvius_grewingkiLatvius_spLimnomis_delayniLitoptychus_bryantiMedoevia_lataMeemannia_eosMegalichthys_mullisoniMiguashaia_grossiMimipiscis_bartramiMimipiscis_toombsiMoythomasia_durgaringaNgamugawi_wirngarriOnychodus_jandemarraiOrlovichthys_limnatisOsorioichthys_marginisOsteolepis_spPaleoneiros_clackorumPanderichthys_spPillararhynchus_longiPlatycephalichthys_bischoffiPlatycephalichthys_skuenicusPolyplocodus_leptognathusPorolepis_brevisPowichthys_thorsteinssoniPsarolepis_romeriQuebecius_quebecensisRaynerius_splendensRhinodipterus_kimberleyensisRhinodipterus_ulrichiRhynchodipterus_elginensisRobinsondipterus_longiSpeonesydrion_ianiSpodichthys_buetleriStrunius_rolandiStyloichthys_changaeTegeolepis_clarkiThursius_estonicusTiktaalik_roseaeTungsenia_paradoxaUranolophus_wyomingensisYoungolepis_praecursor",-25.7921716846075,-1.58862865278154,1.58862865278154,197,"Achoa; ia_ja; vikiiA; quatichthys_po"
170,1,-24.203543031826,"Megamastax_amblyodus",-25.7921716846075,-1.58862865278154,1.58862865278154,1,"Megamastax_amblyodus"
3,92,-16.6480327151284,"Arquatichthys_porosusAsperocephalus_milleriAsperocephalus_spCathlorhynchus_trismodipterusChirodipterus_australisChirodipterus_wildungensisCryptolepis_grossiDiabolepis_speratusDiplocercides_kayseriDipnorhynchus_cathlesaeDipnorhynchus_kurikaeDipnorhynchus_sussmilchiDipterus_valenciennesiDurialepis_edentatusEusthenopteron_foordiEusthenopteron_jenkinsiEusthenopteron_saevesoederberghiGlyptolepis_paucidensGogonasus_andrewsaeGriphognathus_sculptaGriphognathus_whiteiGyroptychius_groenlandicusGyroptychius_milleriHeimenia_ensisHolodipterus_gogoensisHolodipterus_santacrucensisHoloptychius_bergmanniHoloptychius_giganteusHoloptychius_jarvikiHyneria_lindaeIowadipterus_halliJarvikina_wenjukowiKenichthys_campbelliKoharalepis_jarvikiLaccognathus_embryiLatvius_grewingkiLatvius_spLitoptychus_bryantiMedoevia_lataMegalichthys_mullisoniMiguashaia_grossiNgamugawi_wirngarriOnychodus_jandemarraiOrlovichthys_limnatisOsteolepis_spPanderichthys_spPillararhynchus_longiPlatycephalichthys_bischoffiPlatycephalichthys_skuenicusPolyplocodus_leptognathusPorolepis_brevisPowichthys_thorsteinssoniQuebecius_quebecensisRhinodipterus_kimberleyensisRhinodipterus_ulrichiRhynchodipterus_elginensisRobinsondipterus_longiSpeonesydrion_ianiSpodichthys_buetleriStrunius_rolandiStyloichthys_changaeThursius_estonicusTiktaalik_roseaeTungsenia_paradoxaUranolophus_wyomingensisYoungolepis_praecursor",-15.0615586389155,1.58647407621294,1.58647407621294,154,"A; quatichthys_po; osusAspe; ocephalus_mille"
134,90,-16.6480327151284,"Achoania_jarvikiiGuiyu_oneirosPsarolepis_romeri",-15.0615586389155,1.58647407621294,1.58647407621294,8,"Achoa; ia_ja; vikiiGuiyu_o; ei"
135,91,-16.6480327151284,"Achoania_jarvikiiPsarolepis_romeri",-15.0615586389155,1.58647407621294,1.58647407621294,6,"Achoa; ia_ja; vikiiPsa; olepis_"
136,2,-16.6480327151284,"Achoania_jarvikii",-15.0615586389155,1.58647407621294,1.58647407621294,3,"Achoa; ia_ja; vikii"
137,3,-16.6480327151284,"Psarolepis_romeri",-15.0615586389155,1.58647407621294,1.58647407621294,4,"Psa; olepis_; ome; i"
138,4,-16.6480327151284,"Guiyu_oneiros",-15.0615586389155,1.58647407621294,1.58647407621294,3,"Guiyu_o; ei; os"
51,97,-13.4676676013437,"Asperocephalus_milleriAsperocephalus_spDurialepis_edentatusGlyptolepis_paucidensHeimenia_ensisHoloptychius_bergmanniHoloptychius_giganteusHoloptychius_jarvikiLaccognathus_embryiPorolepis_brevisQuebecius_quebecensis",-12.3239884723318,1.14367912901194,1.14367912901194,18,"Aspe; ocephalus_mille; iAspe; ocephalus_spDu"
72,17,-13.4676676013437,"Powichthys_thorsteinssoni",-12.3239884723318,1.14367912901194,1.14367912901194,4,"Powichthys_tho; stei; sso; i"
141,159,-16.9299540871652,"Austelliscus_feroxCuneognathus_gardineriGogosardina_coatesiHowqualepis_rostridensKentuckia_hlaviniLimnomis_delayniMimipiscis_bartramiMimipiscis_toombsiMoythomasia_durgaringaOsorioichthys_marginisPaleoneiros_clackorumRaynerius_splendensTegeolepis_clarki",-17.9282276275908,-0.9982735404256,0.9982735404256,32,"Austelliscus_fe; oxCu; eog; athus_ga"
166,171,-16.9299540871652,"Cheirolepis_jonesiCheirolepis_trailli",-17.9282276275908,-0.9982735404256,0.9982735404256,5,"Chei; olepis_jo; esiChei; olepis_t"
167,84,-16.9299540871652,"Cheirolepis_jonesi",-17.9282276275908,-0.9982735404256,0.9982735404256,3,"Chei; olepis_jo; esi"
168,85,-16.9299540871652,"Cheirolepis_trailli",-17.9282276275908,-0.9982735404256,0.9982735404256,3,"Chei; olepis_t; ailli"
50,96,-15.114720046085,"Asperocephalus_milleriAsperocephalus_spDurialepis_edentatusGlyptolepis_paucidensHeimenia_ensisHoloptychius_bergmanniHoloptychius_giganteusHoloptychius_jarvikiLaccognathus_embryiPorolepis_brevisPowichthys_thorsteinssoniQuebecius_quebecensis",-16.1049582838184,-0.990238237733415,0.990238237733415,21,"Aspe; ocephalus_mille; iAspe; ocephalus_spDu"
73,5,-15.114720046085,"Arquatichthys_porosus",-16.1049582838184,-0.990238237733415,0.990238237733415,3,"A; quatichthys_po; osus"
5,94,-19.7882324570944,"Arquatichthys_porosusAsperocephalus_milleriAsperocephalus_spCathlorhynchus_trismodipterusChirodipterus_australisChirodipterus_wildungensisDiabolepis_speratusDipnorhynchus_cathlesaeDipnorhynchus_kurikaeDipnorhynchus_sussmilchiDipterus_valenciennesiDurialepis_edentatusGlyptolepis_paucidensGriphognathus_sculptaGriphognathus_whiteiHeimenia_ensisHolodipterus_gogoensisHolodipterus_santacrucensisHoloptychius_bergmanniHoloptychius_giganteusHoloptychius_jarvikiIowadipterus_halliLaccognathus_embryiOrlovichthys_limnatisPillararhynchus_longiPorolepis_brevisPowichthys_thorsteinssoniQuebecius_quebecensisRhinodipterus_kimberleyensisRhinodipterus_ulrichiRhynchodipterus_elginensisRobinsondipterus_longiSpeonesydrion_ianiUranolophus_wyomingensisYoungolepis_praecursor",-20.7714524645434,-0.98322000744897,0.98322000744897,91,"A; quatichthys_po; osusAspe; ocephalus_mille"
74,128,-19.7882324570944,"Cryptolepis_grossiEusthenopteron_foordiEusthenopteron_jenkinsiEusthenopteron_saevesoederberghiGogonasus_andrewsaeGyroptychius_groenlandicusGyroptychius_milleriHyneria_lindaeJarvikina_wenjukowiKenichthys_campbelliKoharalepis_jarvikiLatvius_grewingkiLatvius_spLitoptychus_bryantiMedoevia_lataMegalichthys_mullisoniOsteolepis_spPanderichthys_spPlatycephalichthys_bischoffiPlatycephalichthys_skuenicusPolyplocodus_leptognathusSpodichthys_buetleriThursius_estonicusTiktaalik_roseaeTungsenia_paradoxa",-20.7714524645434,-0.98322000744897,0.98322000744897,51,"C; yptolepis_g; ossiEusthe; opte"
142,161,-16.985668981009,"Cuneognathus_gardineriGogosardina_coatesiHowqualepis_rostridensKentuckia_hlaviniLimnomis_delayniMimipiscis_bartramiMimipiscis_toombsiMoythomasia_durgaringaOsorioichthys_marginisPaleoneiros_clackorumRaynerius_splendens",-17.9282276275908,-0.942558646581798,0.942558646581798,30,"Cu; eog; athus_ga; di"
163,160,-16.985668981009,"Austelliscus_feroxTegeolepis_clarki",-17.9282276275908,-0.942558646581798,0.942558646581798,3,"Austelliscus_fe; oxTegeolepis_cla; ki"
164,71,-16.985668981009,"Austelliscus_ferox",-17.9282276275908,-0.942558646581798,0.942558646581798,2,"Austelliscus_fe; ox"
165,72,-16.985668981009,"Tegeolepis_clarki",-17.9282276275908,-0.942558646581798,0.942558646581798,2,"Tegeolepis_cla; ki"
6,107,-16.975608776611,"Cathlorhynchus_trismodipterusChirodipterus_australisChirodipterus_wildungensisDiabolepis_speratusDipnorhynchus_cathlesaeDipnorhynchus_kurikaeDipnorhynchus_sussmilchiDipterus_valenciennesiGriphognathus_sculptaGriphognathus_whiteiHolodipterus_gogoensisHolodipterus_santacrucensisIowadipterus_halliOrlovichthys_limnatisPillararhynchus_longiRhinodipterus_kimberleyensisRhinodipterus_ulrichiRhynchodipterus_elginensisRobinsondipterus_longiSpeonesydrion_ianiUranolophus_wyomingensisYoungolepis_praecursor",-16.1049582838184,0.870650492792553,0.870650492792553,69,"Cathlo; hy; chus_t; ismodipte"
49,95,-16.975608776611,"Arquatichthys_porosusAsperocephalus_milleriAsperocephalus_spDurialepis_edentatusGlyptolepis_paucidensHeimenia_ensisHoloptychius_bergmanniHoloptychius_giganteusHoloptychius_jarvikiLaccognathus_embryiPorolepis_brevisPowichthys_thorsteinssoniQuebecius_quebecensis",-16.1049582838184,0.870650492792553,0.870650492792553,23,"A; quatichthys_po; osusAspe; ocephalus_mille"
12,116,-16.2482948860505,"Chirodipterus_australisChirodipterus_wildungensisGriphognathus_sculptaGriphognathus_whiteiHolodipterus_gogoensisHolodipterus_santacrucensisOrlovichthys_limnatisPillararhynchus_longiRhinodipterus_kimberleyensisRhinodipterus_ulrichiRhynchodipterus_elginensisRobinsondipterus_longi",-15.7780879109236,0.470206975126825,0.470206975126825,39,"Chi; odipte; us_aust; alisChi"
35,34,-16.2482948860505,"Dipterus_valenciennesi",-15.7780879109236,0.470206975126825,0.470206975126825,4,"Dipte; us_vale; cie; esi"
120,62,-21.2582031150953,"Thursius_estonicus",-21.667556549808,-0.409353434712663,0.409353434712663,3,"Thu; sius_esto; icus"
76,130,-21.2582031150953,"Cryptolepis_grossiEusthenopteron_foordiEusthenopteron_jenkinsiEusthenopteron_saevesoederberghiGogonasus_andrewsaeGyroptychius_groenlandicusGyroptychius_milleriHyneria_lindaeJarvikina_wenjukowiKoharalepis_jarvikiLatvius_grewingkiLatvius_spLitoptychus_bryantiMedoevia_lataMegalichthys_mullisoniOsteolepis_spPanderichthys_spPlatycephalichthys_bischoffiPlatycephalichthys_skuenicusPolyplocodus_leptognathusSpodichthys_buetleriThursius_estonicusTiktaalik_roseae",-21.6675565498079,-0.40935343471266,0.40935343471266,47,"C; yptolepis_g; ossiEusthe; opte"
77,131,-21.2582031150953,"Cryptolepis_grossiEusthenopteron_foordiEusthenopteron_jenkinsiEusthenopteron_saevesoederberghiGogonasus_andrewsaeGyroptychius_groenlandicusGyroptychius_milleriHyneria_lindaeJarvikina_wenjukowiKoharalepis_jarvikiLatvius_grewingkiLatvius_spLitoptychus_bryantiMedoevia_lataMegalichthys_mullisoniOsteolepis_spPanderichthys_spPlatycephalichthys_bischoffiPlatycephalichthys_skuenicusPolyplocodus_leptognathusSpodichthys_buetleriTiktaalik_roseae",-21.6675565498079,-0.40935343471266,0.40935343471266,45,"C; yptolepis_g; ossiEusthe; opte"
79,140,-21.2582031150953,"Eusthenopteron_foordiEusthenopteron_jenkinsiEusthenopteron_saevesoederberghiGyroptychius_groenlandicusGyroptychius_milleriHyneria_lindaeJarvikina_wenjukowiPanderichthys_spPlatycephalichthys_bischoffiPlatycephalichthys_skuenicusPolyplocodus_leptognathusSpodichthys_buetleriTiktaalik_roseae",-21.6675565498079,-0.40935343471266,0.40935343471266,33,"Eusthe; opte; o; _foo"
80,141,-21.2582031150953,"Eusthenopteron_foordiEusthenopteron_jenkinsiEusthenopteron_saevesoederberghiHyneria_lindaeJarvikina_wenjukowiPanderichthys_spPlatycephalichthys_bischoffiPlatycephalichthys_skuenicusPolyplocodus_leptognathusSpodichthys_buetleriTiktaalik_roseae",-21.6675565498079,-0.40935343471266,0.40935343471266,27,"Eusthe; opte; o; _foo"
101,151,-21.2582031150953,"Gyroptychius_groenlandicusGyroptychius_milleri",-21.6675565498079,-0.40935343471266,0.40935343471266,7,"Gy; optychius_g; oe; la"
103,60,-21.2582031150953,"Gyroptychius_milleri",-21.6675565498079,-0.40935343471266,0.40935343471266,3,"Gy; optychius_mille; i"
104,61,-21.2582031150953,"Koharalepis_jarviki",-21.6675565498079,-0.40935343471266,0.40935343471266,3,"Koha; alepis_ja; viki"
105,132,-21.2582031150953,"Cryptolepis_grossiGogonasus_andrewsaeLatvius_grewingkiLatvius_spLitoptychus_bryantiMedoevia_lataMegalichthys_mullisoniOsteolepis_sp",-21.6675565498079,-0.40935343471266,0.40935343471266,11,"C; yptolepis_g; ossiGogo; asus_a"
106,133,-21.2582031150953,"Cryptolepis_grossiLatvius_grewingkiLatvius_spLitoptychus_bryantiMedoevia_lataMegalichthys_mullisoni",-21.6675565498079,-0.40935343471266,0.40935343471266,8,"C; yptolepis_g; ossiLatvius_g; ewi"
107,134,-21.2582031150953,"Cryptolepis_grossiLitoptychus_bryantiMedoevia_lataMegalichthys_mullisoni",-21.6675565498079,-0.40935343471266,0.40935343471266,6,"C; yptolepis_g; ossiLitoptychus_b; ya"
108,135,-21.2582031150953,"Cryptolepis_grossiLitoptychus_bryanti",-21.6675565498079,-0.40935343471266,0.40935343471266,5,"C; yptolepis_g; ossiLitoptychus_b; ya"
109,40,-21.2582031150953,"Cryptolepis_grossi",-21.6675565498079,-0.40935343471266,0.40935343471266,3,"C; yptolepis_g; ossi"
110,41,-21.2582031150953,"Litoptychus_bryanti",-21.6675565498079,-0.40935343471266,0.40935343471266,3,"Litoptychus_b; ya; ti"
111,136,-21.2582031150953,"Medoevia_lataMegalichthys_mullisoni",-21.6675565498079,-0.40935343471266,0.40935343471266,2,"Medoevia_lataMegalichthys_mulliso; i"
112,42,-21.2582031150953,"Medoevia_lata",-21.6675565498079,-0.40935343471266,0.40935343471266,1,"Medoevia_lata"
113,43,-21.2582031150953,"Megalichthys_mullisoni",-21.6675565498079,-0.40935343471266,0.40935343471266,2,"Megalichthys_mulliso; i"
114,137,-21.2582031150953,"Latvius_grewingkiLatvius_sp",-21.6675565498079,-0.40935343471266,0.40935343471266,3,"Latvius_g; ewi; gkiLatvius_sp"
115,44,-21.2582031150953,"Latvius_grewingki",-21.6675565498079,-0.40935343471266,0.40935343471266,3,"Latvius_g; ewi; gki"
116,45,-21.2582031150953,"Latvius_sp",-21.6675565498079,-0.40935343471266,0.40935343471266,1,"Latvius_sp"
117,138,-21.2582031150953,"Gogonasus_andrewsaeOsteolepis_sp",-21.6675565498079,-0.40935343471266,0.40935343471266,4,"Gogo; asus_a; d; ewsaeOsteolepis_sp"
118,46,-21.2582031150953,"Gogonasus_andrewsae",-21.6675565498079,-0.40935343471266,0.40935343471266,4,"Gogo; asus_a; d; ewsae"
119,47,-21.2582031150953,"Osteolepis_sp",-21.6675565498079,-0.40935343471266,0.40935343471266,1,"Osteolepis_sp"
121,63,-21.2582031150953,"Kenichthys_campbelli",-21.6675565498079,-0.40935343471266,0.40935343471266,2,"Ke; ichthys_campbelli"
78,139,-21.2582031150953,"Eusthenopteron_foordiEusthenopteron_jenkinsiEusthenopteron_saevesoederberghiGyroptychius_groenlandicusGyroptychius_milleriHyneria_lindaeJarvikina_wenjukowiKoharalepis_jarvikiPanderichthys_spPlatycephalichthys_bischoffiPlatycephalichthys_skuenicusPolyplocodus_leptognathusSpodichthys_buetleriTiktaalik_roseae",-21.6675565498079,-0.409353434712656,0.409353434712656,35,"Eusthe; opte; o; _foo"
102,59,-21.2582031150953,"Gyroptychius_groenlandicus",-21.6675565498079,-0.409353434712656,0.409353434712656,5,"Gy; optychius_g; oe; la"
75,129,-21.2526861952824,"Cryptolepis_grossiEusthenopteron_foordiEusthenopteron_jenkinsiEusthenopteron_saevesoederberghiGogonasus_andrewsaeGyroptychius_groenlandicusGyroptychius_milleriHyneria_lindaeJarvikina_wenjukowiKenichthys_campbelliKoharalepis_jarvikiLatvius_grewingkiLatvius_spLitoptychus_bryantiMedoevia_lataMegalichthys_mullisoniOsteolepis_spPanderichthys_spPlatycephalichthys_bischoffiPlatycephalichthys_skuenicusPolyplocodus_leptognathusSpodichthys_buetleriThursius_estonicusTiktaalik_roseae",-21.6360431946854,-0.383356999402952,0.383356999402952,48,"C; yptolepis_g; ossiEusthe; opte"
122,64,-21.2526861952824,"Tungsenia_paradoxa",-21.6360431946854,-0.383356999402952,0.383356999402952,4,"Tu; gse; ia_pa; adoxa"
48,39,-16.0093980854179,"Youngolepis_praecursor",-15.681511383321,0.327886702096936,0.327886702096936,4,"You; golepis_p; aecu; so"
7,108,-16.0093980854179,"Cathlorhynchus_trismodipterusChirodipterus_australisChirodipterus_wildungensisDiabolepis_speratusDipnorhynchus_cathlesaeDipnorhynchus_kurikaeDipnorhynchus_sussmilchiDipterus_valenciennesiGriphognathus_sculptaGriphognathus_whiteiHolodipterus_gogoensisHolodipterus_santacrucensisIowadipterus_halliOrlovichthys_limnatisPillararhynchus_longiRhinodipterus_kimberleyensisRhinodipterus_ulrichiRhynchodipterus_elginensisRobinsondipterus_longiSpeonesydrion_ianiUranolophus_wyomingensis",-15.681511383321,0.327886702096935,0.327886702096935,66,"Cathlo; hy; chus_t; ismodipte"
62,11,-16.0086110958155,"Laccognathus_embryi",-15.7145212471429,0.29408984867265,0.29408984867265,3,"Laccog; athus_emb; yi"
63,12,-16.0086110958155,"Quebecius_quebecensis",-15.7145212471429,0.29408984867265,0.29408984867265,2,"Quebecius_quebece; sis"
69,14,-16.0086110958155,"Durialepis_edentatus",-15.7145212471429,0.29408984867265,0.29408984867265,3,"Du; ialepis_ede; tatus"
53,99,-16.0086110958155,"Asperocephalus_milleriAsperocephalus_spGlyptolepis_paucidensHoloptychius_bergmanniHoloptychius_giganteusHoloptychius_jarvikiLaccognathus_embryiQuebecius_quebecensis",-15.7145212471429,0.294089848672648,0.294089848672648,12,"Aspe; ocephalus_mille; iAspe; ocephalus_spGlyptolepis_paucide"
54,100,-16.0086110958155,"Asperocephalus_milleriAsperocephalus_spHoloptychius_bergmanniHoloptychius_giganteusHoloptychius_jarvikiLaccognathus_embryiQuebecius_quebecensis",-15.7145212471429,0.294089848672648,0.294089848672648,11,"Aspe; ocephalus_mille; iAspe; ocephalus_spHoloptychius_be"
55,102,-16.0086110958155,"Holoptychius_bergmanniHoloptychius_giganteusHoloptychius_jarvikiLaccognathus_embryiQuebecius_quebecensis",-15.7145212471429,0.294089848672648,0.294089848672648,8,"Holoptychius_be; gma; iHoloptychius_giga; teusHoloptychius_ja"
56,103,-16.0086110958155,"Holoptychius_bergmanniHoloptychius_giganteusHoloptychius_jarviki",-15.7145212471429,0.294089848672648,0.294089848672648,5,"Holoptychius_be; gma; iHoloptychius_giga; teusHoloptychius_ja"
57,104,-16.0086110958155,"Holoptychius_giganteusHoloptychius_jarviki",-15.7145212471429,0.294089848672648,0.294089848672648,3,"Holoptychius_giga; teusHoloptychius_ja; viki"
58,9,-16.0086110958155,"Holoptychius_giganteus",-15.7145212471429,0.294089848672648,0.294089848672648,2,"Holoptychius_giga; teus"
60,8,-16.0086110958155,"Holoptychius_bergmanni",-15.7145212471429,0.294089848672648,0.294089848672648,3,"Holoptychius_be; gma; i"
61,105,-16.0086110958155,"Laccognathus_embryiQuebecius_quebecensis",-15.7145212471429,0.294089848672648,0.294089848672648,4,"Laccog; athus_emb; yiQuebecius_quebece; sis"
64,101,-16.0086110958155,"Asperocephalus_milleriAsperocephalus_sp",-15.7145212471429,0.294089848672648,0.294089848672648,4,"Aspe; ocephalus_mille; iAspe; ocephalus_sp"
65,6,-16.0086110958155,"Asperocephalus_milleri",-15.7145212471429,0.294089848672648,0.294089848672648,3,"Aspe; ocephalus_mille; i"
66,7,-16.0086110958155,"Asperocephalus_sp",-15.7145212471429,0.294089848672648,0.294089848672648,2,"Aspe; ocephalus_sp"
67,13,-16.0086110958155,"Glyptolepis_paucidens",-15.7145212471429,0.294089848672648,0.294089848672648,2,"Glyptolepis_paucide; s"
68,106,-16.0086110958155,"Durialepis_edentatusHeimenia_ensis",-15.7145212471429,0.294089848672648,0.294089848672648,5,"Du; ialepis_ede; tatusHeime; ia_e"
70,15,-16.0086110958155,"Heimenia_ensis",-15.7145212471429,0.294089848672648,0.294089848672648,3,"Heime; ia_e; sis"
59,10,-16.0086110958155,"Holoptychius_jarviki",-15.7145212471429,0.294089848672646,0.294089848672646,2,"Holoptychius_ja; viki"
140,158,-13.1640805357529,"Austelliscus_feroxCheirolepis_jonesiCheirolepis_trailliCuneognathus_gardineriGogosardina_coatesiHowqualepis_rostridensKentuckia_hlaviniLimnomis_delayniMimipiscis_bartramiMimipiscis_toombsiMoythomasia_durgaringaOsorioichthys_marginisPaleoneiros_clackorumRaynerius_splendensTegeolepis_clarki",-12.879208874927,0.28487166082588,0.28487166082588,36,"Austelliscus_fe; oxChei; olepis_jo; esiChei"
169,86,-13.1640805357529,"Meemannia_eos",-12.879208874927,0.28487166082588,0.28487166082588,2,"Meema; ia_eos"
4,93,-13.4308002699315,"Arquatichthys_porosusAsperocephalus_milleriAsperocephalus_spCathlorhynchus_trismodipterusChirodipterus_australisChirodipterus_wildungensisCryptolepis_grossiDiabolepis_speratusDipnorhynchus_cathlesaeDipnorhynchus_kurikaeDipnorhynchus_sussmilchiDipterus_valenciennesiDurialepis_edentatusEusthenopteron_foordiEusthenopteron_jenkinsiEusthenopteron_saevesoederberghiGlyptolepis_paucidensGogonasus_andrewsaeGriphognathus_sculptaGriphognathus_whiteiGyroptychius_groenlandicusGyroptychius_milleriHeimenia_ensisHolodipterus_gogoensisHolodipterus_santacrucensisHoloptychius_bergmanniHoloptychius_giganteusHoloptychius_jarvikiHyneria_lindaeIowadipterus_halliJarvikina_wenjukowiKenichthys_campbelliKoharalepis_jarvikiLaccognathus_embryiLatvius_grewingkiLatvius_spLitoptychus_bryantiMedoevia_lataMegalichthys_mullisoniOrlovichthys_limnatisOsteolepis_spPanderichthys_spPillararhynchus_longiPlatycephalichthys_bischoffiPlatycephalichthys_skuenicusPolyplocodus_leptognathusPorolepis_brevisPowichthys_thorsteinssoniQuebecius_quebecensisRhinodipterus_kimberleyensisRhinodipterus_ulrichiRhynchodipterus_elginensisRobinsondipterus_longiSpeonesydrion_ianiSpodichthys_buetleriThursius_estonicusTiktaalik_roseaeTungsenia_paradoxaUranolophus_wyomingensisYoungolepis_praecursor",-13.2615816257124,0.169218644219081,0.169218644219081,141,"A; quatichthys_po; osusAspe; ocephalus_mille"
124,153,-13.4308002699315,"Diplocercides_kayseriMiguashaia_grossiNgamugawi_wirngarriStyloichthys_changae",-13.2615816257124,0.169218644219081,0.169218644219081,7,"Diploce; cides_kayse; iMiguashaia_g; ossiNgamugawi_wi"
129,67,-13.4308002699315,"Miguashaia_grossi",-13.2615816257124,0.169218644219081,0.169218644219081,2,"Miguashaia_g; ossi"
123,152,-13.4308002699315,"Diplocercides_kayseriMiguashaia_grossiNgamugawi_wirngarriOnychodus_jandemarraiStrunius_rolandiStyloichthys_changae",-13.2615816257124,0.169218644219079,0.169218644219079,14,"Diploce; cides_kayse; iMiguashaia_g; ossiNgamugawi_wi"
125,154,-13.4308002699315,"Diplocercides_kayseriMiguashaia_grossiNgamugawi_wirngarri",-13.2615816257124,0.169218644219079,0.169218644219079,6,"Diploce; cides_kayse; iMiguashaia_g; ossiNgamugawi_wi"
126,155,-13.4308002699315,"Diplocercides_kayseriNgamugawi_wirngarri",-13.2615816257124,0.169218644219079,0.169218644219079,5,"Diploce; cides_kayse; iNgamugawi_wi; ga"
127,65,-13.4308002699315,"Diplocercides_kayseri",-13.2615816257124,0.169218644219079,0.169218644219079,3,"Diploce; cides_kayse; i"
128,66,-13.4308002699315,"Ngamugawi_wirngarri",-13.2615816257124,0.169218644219079,0.169218644219079,3,"Ngamugawi_wi; ga; i"
130,68,-13.4308002699315,"Styloichthys_changae",-13.2615816257124,0.169218644219079,0.169218644219079,2,"Styloichthys_cha; gae"
131,156,-13.4308002699315,"Onychodus_jandemarraiStrunius_rolandi",-13.2615816257124,0.169218644219079,0.169218644219079,8,"O; ychodus_ja; dema; aiSt"
132,69,-13.4308002699315,"Onychodus_jandemarrai",-13.2615816257124,0.169218644219079,0.169218644219079,4,"O; ychodus_ja; dema; ai"
133,70,-13.4308002699315,"Strunius_rolandi",-13.2615816257124,0.169218644219079,0.169218644219079,5,"St; u; ius_; ola"
11,115,-12.4501510565734,"Chirodipterus_australisChirodipterus_wildungensisDipterus_valenciennesiGriphognathus_sculptaGriphognathus_whiteiHolodipterus_gogoensisHolodipterus_santacrucensisOrlovichthys_limnatisPillararhynchus_longiRhinodipterus_kimberleyensisRhinodipterus_ulrichiRhynchodipterus_elginensisRobinsondipterus_longi",-12.3043961640313,0.145754892542094,0.145754892542094,42,"Chi; odipte; us_aust; alisChi"
36,35,-12.4501510565734,"Iowadipterus_halli",-12.3043961640313,0.145754892542094,0.145754892542094,2,"Iowadipte; us_halli"
146,168,-14.9602635982311,"Gogosardina_coatesiMimipiscis_bartramiMimipiscis_toombsi",-15.084951442736,-0.12468784450498,0.12468784450498,5,"Gogosa; di; a_coatesiMimipiscis_ba; t"
151,77,-14.9602635982311,"Howqualepis_rostridens",-15.084951442736,-0.12468784450498,0.12468784450498,4,"Howqualepis_; ost; ide; s"
156,164,-14.9602635982311,"Cuneognathus_gardineriKentuckia_hlaviniLimnomis_delayni",-15.084951442736,-0.12468784450498,0.12468784450498,10,"Cu; eog; athus_ga; di"
148,78,-14.9602635982311,"Gogosardina_coatesi",-15.084951442736,-0.124687844504978,0.124687844504978,3,"Gogosa; di; a_coatesi"
149,79,-14.9602635982311,"Mimipiscis_bartrami",-15.084951442736,-0.124687844504978,0.124687844504978,3,"Mimipiscis_ba; t; ami"
152,170,-14.9602635982311,"Moythomasia_durgaringaRaynerius_splendens",-15.084951442736,-0.124687844504978,0.124687844504978,8,"Moythomasia_du; ga; i; gaRay"
153,81,-14.9602635982311,"Moythomasia_durgaringa",-15.084951442736,-0.124687844504978,0.124687844504978,4,"Moythomasia_du; ga; i; ga"
155,163,-14.9602635982311,"Cuneognathus_gardineriKentuckia_hlaviniLimnomis_delayniPaleoneiros_clackorum",-15.084951442736,-0.124687844504978,0.124687844504978,13,"Cu; eog; athus_ga; di"
157,165,-14.9602635982311,"Cuneognathus_gardineriLimnomis_delayni",-15.084951442736,-0.124687844504978,0.124687844504978,8,"Cu; eog; athus_ga; di"
159,74,-14.9602635982311,"Limnomis_delayni",-15.084951442736,-0.124687844504978,0.124687844504978,3,"Lim; omis_delay; i"
160,75,-14.9602635982311,"Kentuckia_hlavini",-15.084951442736,-0.124687844504978,0.124687844504978,3,"Ke; tuckia_hlavi; i"
161,76,-14.9602635982311,"Paleoneiros_clackorum",-15.084951442736,-0.124687844504978,0.124687844504978,4,"Paleo; ei; os_clacko; um"
144,166,-14.9602635982311,"Gogosardina_coatesiHowqualepis_rostridensMimipiscis_bartramiMimipiscis_toombsiMoythomasia_durgaringaRaynerius_splendens",-15.084951442736,-0.124687844504976,0.124687844504976,15,"Gogosa; di; a_coatesiHowqualepis_; ost"
145,167,-14.9602635982311,"Gogosardina_coatesiHowqualepis_rostridensMimipiscis_bartramiMimipiscis_toombsi",-15.084951442736,-0.124687844504976,0.124687844504976,8,"Gogosa; di; a_coatesiHowqualepis_; ost"
147,169,-14.9602635982311,"Gogosardina_coatesiMimipiscis_bartrami",-15.084951442736,-0.124687844504976,0.124687844504976,5,"Gogosa; di; a_coatesiMimipiscis_ba; t"
150,80,-14.9602635982311,"Mimipiscis_toombsi",-15.084951442736,-0.124687844504976,0.124687844504976,1,"Mimipiscis_toombsi"
154,82,-14.9602635982311,"Raynerius_splendens",-15.084951442736,-0.124687844504976,0.124687844504976,5,"Ray; e; ius_sple; de"
158,73,-14.9602635982311,"Cuneognathus_gardineri",-15.084951442736,-0.124687844504976,0.124687844504976,6,"Cu; eog; athus_ga; di"
52,98,-16.5677280933718,"Asperocephalus_milleriAsperocephalus_spDurialepis_edentatusGlyptolepis_paucidensHeimenia_ensisHoloptychius_bergmanniHoloptychius_giganteusHoloptychius_jarvikiLaccognathus_embryiQuebecius_quebecensis",-16.4679801659719,0.0997479273999176,0.0997479273999176,16,"Aspe; ocephalus_mille; iAspe; ocephalus_spDu"
71,16,-16.5677280933718,"Porolepis_brevis",-16.4679801659719,0.0997479273999176,0.0997479273999176,3,"Po; olepis_b; evis"
8,109,-12.3544031738253,"Cathlorhynchus_trismodipterusChirodipterus_australisChirodipterus_wildungensisDipnorhynchus_cathlesaeDipnorhynchus_kurikaeDipnorhynchus_sussmilchiDipterus_valenciennesiGriphognathus_sculptaGriphognathus_whiteiHolodipterus_gogoensisHolodipterus_santacrucensisIowadipterus_halliOrlovichthys_limnatisPillararhynchus_longiRhinodipterus_kimberleyensisRhinodipterus_ulrichiRhynchodipterus_elginensisRobinsondipterus_longiSpeonesydrion_ianiUranolophus_wyomingensis",-12.28797552857,0.0664276452552972,0.0664276452552972,65,"Cathlo; hy; chus_t; ismodipte"
9,113,-12.3544031738252,"Chirodipterus_australisChirodipterus_wildungensisDipnorhynchus_cathlesaeDipnorhynchus_kurikaeDipterus_valenciennesiGriphognathus_sculptaGriphognathus_whiteiHolodipterus_gogoensisHolodipterus_santacrucensisIowadipterus_halliOrlovichthys_limnatisPillararhynchus_longiRhinodipterus_kimberleyensisRhinodipterus_ulrichiRhynchodipterus_elginensisRobinsondipterus_longi",-12.28797552857,0.0664276452552972,0.0664276452552972,50,"Chi; odipte; us_aust; alisChi"
40,110,-12.3544031738252,"Cathlorhynchus_trismodipterusDipnorhynchus_sussmilchiSpeonesydrion_ianiUranolophus_wyomingensis",-12.28797552857,0.0664276452552972,0.0664276452552972,16,"Cathlo; hy; chus_t; ismodipte"
41,111,-12.3544031738252,"Cathlorhynchus_trismodipterusDipnorhynchus_sussmilchiUranolophus_wyomingensis",-12.28797552857,0.0664276452552972,0.0664276452552972,12,"Cathlo; hy; chus_t; ismodipte"
42,112,-12.3544031738252,"Dipnorhynchus_sussmilchiUranolophus_wyomingensis",-12.28797552857,0.0664276452552972,0.0664276452552972,8,"Dip; o; hy; chus_sussmilchiU"
43,19,-12.3544031738252,"Dipnorhynchus_sussmilchi",-12.28797552857,0.0664276452552972,0.0664276452552972,4,"Dip; o; hy; chus_sussmilchi"
44,20,-12.3544031738252,"Uranolophus_wyomingensis",-12.28797552857,0.0664276452552972,0.0664276452552972,5,"U; a; olophus_wyomi; ge"
45,18,-12.3544031738252,"Cathlorhynchus_trismodipterus",-12.28797552857,0.0664276452552972,0.0664276452552972,5,"Cathlo; hy; chus_t; ismodipte"
46,21,-12.3544031738252,"Speonesydrion_iani",-12.28797552857,0.0664276452552972,0.0664276452552972,5,"Speo; esyd; io; _ia"
47,38,-12.3544031738252,"Diabolepis_speratus",-12.28797552857,0.0664276452552972,0.0664276452552972,2,"Diabolepis_spe; atus"
10,114,-12.3569143308728,"Chirodipterus_australisChirodipterus_wildungensisDipterus_valenciennesiGriphognathus_sculptaGriphognathus_whiteiHolodipterus_gogoensisHolodipterus_santacrucensisIowadipterus_halliOrlovichthys_limnatisPillararhynchus_longiRhinodipterus_kimberleyensisRhinodipterus_ulrichiRhynchodipterus_elginensisRobinsondipterus_longi",-12.3043961640313,0.0525181668415069,0.0525181668415069,43,"Chi; odipte; us_aust; alisChi"
37,127,-12.3569143308728,"Dipnorhynchus_cathlesaeDipnorhynchus_kurikae",-12.3043961640313,0.0525181668415069,0.0525181668415069,8,"Dip; o; hy; chus_cathlesaeDip"
38,36,-12.3569143308728,"Dipnorhynchus_cathlesae",-12.3043961640313,0.0525181668415069,0.0525181668415069,4,"Dip; o; hy; chus_cathlesae"
39,37,-12.3569143308728,"Dipnorhynchus_kurikae",-12.3043961640313,0.0525181668415069,0.0525181668415069,5,"Dip; o; hy; chus_ku"
33,23,-11.405847998585,"Chirodipterus_wildungensis",-11.3574134790911,0.0484345194938118,0.0484345194938118,5,"Chi; odipte; us_wildu; ge"
22,124,-11.405847998585,"Holodipterus_gogoensisHolodipterus_santacrucensis",-11.3574134790911,0.0484345194938101,0.0484345194938101,7,"Holodipte; us_gogoe; sisHolodipte; us_sa"
13,119,-11.405847998585,"Griphognathus_sculptaGriphognathus_whiteiHolodipterus_gogoensisHolodipterus_santacrucensisOrlovichthys_limnatisRhinodipterus_kimberleyensisRhinodipterus_ulrichiRhynchodipterus_elginensisRobinsondipterus_longi",-11.3574134790911,0.0484345194938083,0.0484345194938083,28,"G; iphog; athus_sculptaG; iphog"
14,120,-11.405847998585,"Griphognathus_sculptaGriphognathus_whiteiHolodipterus_gogoensisHolodipterus_santacrucensisRhynchodipterus_elginensisRobinsondipterus_longi",-11.3574134790911,0.0484345194938083,0.0484345194938083,19,"G; iphog; athus_sculptaG; iphog"
15,121,-11.405847998585,"Griphognathus_sculptaGriphognathus_whiteiRhynchodipterus_elginensisRobinsondipterus_longi",-11.3574134790911,0.0484345194938083,0.0484345194938083,13,"G; iphog; athus_sculptaG; iphog"
16,122,-11.405847998585,"Griphognathus_sculptaGriphognathus_whiteiRhynchodipterus_elginensis",-11.3574134790911,0.0484345194938083,0.0484345194938083,9,"G; iphog; athus_sculptaG; iphog"
17,123,-11.405847998585,"Griphognathus_sculptaGriphognathus_whitei",-11.3574134790911,0.0484345194938083,0.0484345194938083,5,"G; iphog; athus_sculptaG; iphog"
18,25,-11.405847998585,"Griphognathus_sculpta",-11.3574134790911,0.0484345194938083,0.0484345194938083,3,"G; iphog; athus_sculpta"
19,26,-11.405847998585,"Griphognathus_whitei",-11.3574134790911,0.0484345194938083,0.0484345194938083,3,"G; iphog; athus_whitei"
20,27,-11.405847998585,"Rhynchodipterus_elginensis",-11.3574134790911,0.0484345194938083,0.0484345194938083,5,"Rhy; chodipte; us_elgi; e"
21,28,-11.405847998585,"Robinsondipterus_longi",-11.3574134790911,0.0484345194938083,0.0484345194938083,5,"Robi; so; dipte; us_lo"
23,29,-11.405847998585,"Holodipterus_gogoensis",-11.3574134790911,0.0484345194938083,0.0484345194938083,3,"Holodipte; us_gogoe; sis"
24,30,-11.405847998585,"Holodipterus_santacrucensis",-11.3574134790911,0.0484345194938083,0.0484345194938083,5,"Holodipte; us_sa; tac; uce"
25,125,-11.405847998585,"Orlovichthys_limnatisRhinodipterus_kimberleyensisRhinodipterus_ulrichi",-11.3574134790911,0.0484345194938083,0.0484345194938083,10,"O; lovichthys_lim; atisRhi; odipte"
26,126,-11.405847998585,"Rhinodipterus_kimberleyensisRhinodipterus_ulrichi",-11.3574134790911,0.0484345194938083,0.0484345194938083,8,"Rhi; odipte; us_kimbe; leye"
27,32,-11.405847998585,"Rhinodipterus_kimberleyensis",-11.3574134790911,0.0484345194938083,0.0484345194938083,5,"Rhi; odipte; us_kimbe; leye"
28,33,-11.405847998585,"Rhinodipterus_ulrichi",-11.3574134790911,0.0484345194938083,0.0484345194938083,4,"Rhi; odipte; us_ul; ichi"
29,31,-11.405847998585,"Orlovichthys_limnatis",-11.3574134790911,0.0484345194938083,0.0484345194938083,3,"O; lovichthys_lim; atis"
30,117,-11.405847998585,"Chirodipterus_australisChirodipterus_wildungensisPillararhynchus_longi",-11.3574134790911,0.0484345194938083,0.0484345194938083,12,"Chi; odipte; us_aust; alisChi"
31,118,-11.405847998585,"Chirodipterus_australisChirodipterus_wildungensis",-11.3574134790911,0.0484345194938083,0.0484345194938083,8,"Chi; odipte; us_aust; alisChi"
32,22,-11.405847998585,"Chirodipterus_australis",-11.3574134790911,0.0484345194938083,0.0484345194938083,4,"Chi; odipte; us_aust; alis"
34,24,-11.405847998585,"Pillararhynchus_longi",-11.3574134790911,0.0484345194938083,0.0484345194938083,5,"Pilla; a; hy; chus_lo"
81,142,-21.6976004799276,"Eusthenopteron_foordiEusthenopteron_jenkinsiEusthenopteron_saevesoederberghiHyneria_lindaeJarvikina_wenjukowiPlatycephalichthys_bischoffiPlatycephalichthys_skuenicusPolyplocodus_leptognathusSpodichthys_buetleri",-21.6675565498079,0.0300439301196889,0.0300439301196889,24,"Eusthe; opte; o; _foo"
82,143,-21.6976004799276,"Eusthenopteron_foordiEusthenopteron_jenkinsiEusthenopteron_saevesoederberghiHyneria_lindaeJarvikina_wenjukowiPlatycephalichthys_bischoffiPlatycephalichthys_skuenicusSpodichthys_buetleri",-21.6675565498079,0.0300439301196889,0.0300439301196889,23,"Eusthe; opte; o; _foo"
83,144,-21.6976004799276,"Eusthenopteron_foordiEusthenopteron_jenkinsiEusthenopteron_saevesoederberghiHyneria_lindaeJarvikina_wenjukowiPlatycephalichthys_bischoffiPlatycephalichthys_skuenicus",-21.6675565498079,0.0300439301196889,0.0300439301196889,22,"Eusthe; opte; o; _foo"
84,147,-21.6976004799276,"Hyneria_lindaeJarvikina_wenjukowiPlatycephalichthys_bischoffiPlatycephalichthys_skuenicus",-21.6675565498079,0.0300439301196889,0.0300439301196889,8,"Hy; e; ia_li; daeJa"
85,148,-21.6976004799276,"Hyneria_lindaePlatycephalichthys_bischoffiPlatycephalichthys_skuenicus",-21.6675565498079,0.0300439301196889,0.0300439301196889,5,"Hy; e; ia_li; daePlatycephalichthys_bischoffiPlatycephalichthys_skue"
86,149,-21.6976004799276,"Platycephalichthys_bischoffiPlatycephalichthys_skuenicus",-21.6675565498079,0.0300439301196889,0.0300439301196889,2,"Platycephalichthys_bischoffiPlatycephalichthys_skue; icus"
87,52,-21.6976004799276,"Platycephalichthys_bischoffi",-21.6675565498079,0.0300439301196889,0.0300439301196889,1,"Platycephalichthys_bischoffi"
88,53,-21.6976004799276,"Platycephalichthys_skuenicus",-21.6675565498079,0.0300439301196889,0.0300439301196889,2,"Platycephalichthys_skue; icus"
89,51,-21.6976004799276,"Hyneria_lindae",-21.6675565498079,0.0300439301196889,0.0300439301196889,4,"Hy; e; ia_li; dae"
90,54,-21.6976004799276,"Jarvikina_wenjukowi",-21.6675565498079,0.0300439301196889,0.0300439301196889,4,"Ja; viki; a_we; jukowi"
91,145,-21.6976004799276,"Eusthenopteron_foordiEusthenopteron_jenkinsiEusthenopteron_saevesoederberghi",-21.6675565498079,0.0300439301196889,0.0300439301196889,15,"Eusthe; opte; o; _foo"
92,146,-21.6976004799276,"Eusthenopteron_foordiEusthenopteron_jenkinsi",-21.6675565498079,0.0300439301196889,0.0300439301196889,10,"Eusthe; opte; o; _foo"
93,48,-21.6976004799276,"Eusthenopteron_foordi",-21.6675565498079,0.0300439301196889,0.0300439301196889,5,"Eusthe; opte; o; _foo"
94,49,-21.6976004799276,"Eusthenopteron_jenkinsi",-21.6675565498079,0.0300439301196889,0.0300439301196889,6,"Eusthe; opte; o; _je"
95,50,-21.6976004799276,"Eusthenopteron_saevesoederberghi",-21.6675565498079,0.0300439301196889,0.0300439301196889,6,"Eusthe; opte; o; _saevesoede"
96,55,-21.6976004799276,"Spodichthys_buetleri",-21.6675565498079,0.0300439301196889,0.0300439301196889,2,"Spodichthys_buetle; i"
97,56,-21.6976004799276,"Polyplocodus_leptognathus",-21.6675565498079,0.0300439301196889,0.0300439301196889,2,"Polyplocodus_leptog; athus"
98,150,-21.6976004799276,"Panderichthys_spTiktaalik_roseae",-21.6675565498079,0.0300439301196889,0.0300439301196889,4,"Pa; de; ichthys_spTiktaalik_; oseae"
99,57,-21.6976004799276,"Panderichthys_sp",-21.6675565498079,0.0300439301196889,0.0300439301196889,3,"Pa; de; ichthys_sp"
100,58,-21.6976004799276,"Tiktaalik_roseae",-21.6675565498079,0.0300439301196889,0.0300439301196889,2,"Tiktaalik_; oseae"
162,83,-15.0856817335894,"Osorioichthys_marginis",-15.084951442736,0.000730290853420357,0.000730290853420357,4,"Oso; ioichthys_ma; gi; is"
143,162,-15.0856817335894,"Cuneognathus_gardineriGogosardina_coatesiHowqualepis_rostridensKentuckia_hlaviniLimnomis_delayniMimipiscis_bartramiMimipiscis_toombsiMoythomasia_durgaringaPaleoneiros_clackorumRaynerius_splendens",-15.084951442736,0.00073029085341858,0.00073029085341858,27,"Cu; eog; athus_ga; di"
